<PAMDataset>
  <Metadata>
    <MDI key="DataType">Thematic</MDI>
  </Metadata>
  <Metadata domain="Esri">
    <MDI key="PyramidResamplingType">NEAREST</MDI>
  </Metadata>
  <PAMRasterBand band="1">
    <Description>Band_1</Description>
    <ColorInterp>Palette</ColorInterp>
    <ColorTable>
      <Entry c1="0" c2="0" c3="0" c4="255" />
      <Entry c1="0" c2="249" c3="0" c4="255" />
      <Entry c1="0" c2="0" c3="0" c4="255" />
      <Entry c1="0" c2="0" c3="0" c4="255" />
      <Entry c1="0" c2="0" c3="0" c4="255" />
      <Entry c1="0" c2="0" c3="0" c4="255" />
      <Entry c1="0" c2="0" c3="0" c4="255" />
      <Entry c1="0" c2="0" c3="0" c4="255" />
      <Entry c1="0" c2="0" c3="0" c4="255" />
      <Entry c1="0" c2="0" c3="0" c4="255" />
      <Entry c1="0" c2="0" c3="0" c4="255" />
      <Entry c1="71" c2="107" c3="160" c4="255" />
      <Entry c1="209" c2="221" c3="249" c4="255" />
      <Entry c1="0" c2="0" c3="0" c4="255" />
      <Entry c1="0" c2="0" c3="0" c4="255" />
      <Entry c1="0" c2="0" c3="0" c4="255" />
      <Entry c1="0" c2="0" c3="0" c4="255" />
      <Entry c1="0" c2="0" c3="0" c4="255" />
      <Entry c1="0" c2="0" c3="0" c4="255" />
      <Entry c1="0" c2="0" c3="0" c4="255" />
      <Entry c1="0" c2="0" c3="0" c4="255" />
      <Entry c1="221" c2="201" c3="201" c4="255" />
      <Entry c1="216" c2="147" c3="130" c4="255" />
      <Entry c1="237" c2="0" c3="0" c4="255" />
      <Entry c1="170" c2="0" c3="0" c4="255" />
      <Entry c1="0" c2="0" c3="0" c4="255" />
      <Entry c1="0" c2="0" c3="0" c4="255" />
      <Entry c1="0" c2="0" c3="0" c4="255" />
      <Entry c1="0" c2="0" c3="0" c4="255" />
      <Entry c1="0" c2="0" c3="0" c4="255" />
      <Entry c1="0" c2="0" c3="0" c4="255" />
      <Entry c1="178" c2="173" c3="163" c4="255" />
      <Entry c1="249" c2="249" c3="249" c4="255" />
      <Entry c1="0" c2="0" c3="0" c4="255" />
      <Entry c1="0" c2="0" c3="0" c4="255" />
      <Entry c1="0" c2="0" c3="0" c4="255" />
      <Entry c1="0" c2="0" c3="0" c4="255" />
      <Entry c1="0" c2="0" c3="0" c4="255" />
      <Entry c1="0" c2="0" c3="0" c4="255" />
      <Entry c1="0" c2="0" c3="0" c4="255" />
      <Entry c1="0" c2="0" c3="0" c4="255" />
      <Entry c1="104" c2="170" c3="99" c4="255" />
      <Entry c1="28" c2="99" c3="48" c4="255" />
      <Entry c1="181" c2="201" c3="142" c4="255" />
      <Entry c1="0" c2="0" c3="0" c4="255" />
      <Entry c1="0" c2="0" c3="0" c4="255" />
      <Entry c1="0" c2="0" c3="0" c4="255" />
      <Entry c1="0" c2="0" c3="0" c4="255" />
      <Entry c1="0" c2="0" c3="0" c4="255" />
      <Entry c1="0" c2="0" c3="0" c4="255" />
      <Entry c1="0" c2="0" c3="0" c4="255" />
      <Entry c1="165" c2="140" c3="48" c4="255" />
      <Entry c1="204" c2="186" c3="124" c4="255" />
      <Entry c1="0" c2="0" c3="0" c4="255" />
      <Entry c1="0" c2="0" c3="0" c4="255" />
      <Entry c1="0" c2="0" c3="0" c4="255" />
      <Entry c1="0" c2="0" c3="0" c4="255" />
      <Entry c1="0" c2="0" c3="0" c4="255" />
      <Entry c1="0" c2="0" c3="0" c4="255" />
      <Entry c1="0" c2="0" c3="0" c4="255" />
      <Entry c1="0" c2="0" c3="0" c4="255" />
      <Entry c1="0" c2="0" c3="0" c4="255" />
      <Entry c1="0" c2="0" c3="0" c4="255" />
      <Entry c1="0" c2="0" c3="0" c4="255" />
      <Entry c1="0" c2="0" c3="0" c4="255" />
      <Entry c1="0" c2="0" c3="0" c4="255" />
      <Entry c1="0" c2="0" c3="0" c4="255" />
      <Entry c1="0" c2="0" c3="0" c4="255" />
      <Entry c1="0" c2="0" c3="0" c4="255" />
      <Entry c1="0" c2="0" c3="0" c4="255" />
      <Entry c1="0" c2="0" c3="0" c4="255" />
      <Entry c1="226" c2="226" c3="193" c4="255" />
      <Entry c1="201" c2="201" c3="119" c4="255" />
      <Entry c1="153" c2="193" c3="71" c4="255" />
      <Entry c1="119" c2="173" c3="147" c4="255" />
      <Entry c1="0" c2="0" c3="0" c4="255" />
      <Entry c1="0" c2="0" c3="0" c4="255" />
      <Entry c1="0" c2="0" c3="0" c4="255" />
      <Entry c1="0" c2="0" c3="0" c4="255" />
      <Entry c1="0" c2="0" c3="0" c4="255" />
      <Entry c1="0" c2="0" c3="0" c4="255" />
      <Entry c1="219" c2="216" c3="61" c4="255" />
      <Entry c1="170" c2="112" c3="40" c4="255" />
      <Entry c1="0" c2="0" c3="0" c4="255" />
      <Entry c1="0" c2="0" c3="0" c4="255" />
      <Entry c1="0" c2="0" c3="0" c4="255" />
      <Entry c1="0" c2="0" c3="0" c4="255" />
      <Entry c1="0" c2="0" c3="0" c4="255" />
      <Entry c1="0" c2="0" c3="0" c4="255" />
      <Entry c1="0" c2="0" c3="0" c4="255" />
      <Entry c1="186" c2="216" c3="234" c4="255" />
      <Entry c1="181" c2="211" c3="229" c4="255" />
      <Entry c1="181" c2="211" c3="229" c4="255" />
      <Entry c1="181" c2="211" c3="229" c4="255" />
      <Entry c1="181" c2="211" c3="229" c4="255" />
      <Entry c1="112" c2="163" c3="186" c4="255" />
      <Entry c1="0" c2="0" c3="0" c4="255" />
      <Entry c1="0" c2="0" c3="0" c4="255" />
      <Entry c1="0" c2="0" c3="0" c4="255" />
      <Entry c1="0" c2="0" c3="0" c4="255" />
      <Entry c1="0" c2="0" c3="0" c4="255" />
      <Entry c1="0" c2="0" c3="0" c4="255" />
      <Entry c1="0" c2="0" c3="0" c4="255" />
      <Entry c1="0" c2="0" c3="0" c4="255" />
      <Entry c1="0" c2="0" c3="0" c4="255" />
      <Entry c1="0" c2="0" c3="0" c4="255" />
      <Entry c1="0" c2="0" c3="0" c4="255" />
      <Entry c1="0" c2="0" c3="0" c4="255" />
      <Entry c1="0" c2="0" c3="0" c4="255" />
      <Entry c1="0" c2="0" c3="0" c4="255" />
      <Entry c1="0" c2="0" c3="0" c4="255" />
      <Entry c1="0" c2="0" c3="0" c4="255" />
      <Entry c1="0" c2="0" c3="0" c4="255" />
      <Entry c1="0" c2="0" c3="0" c4="255" />
      <Entry c1="0" c2="0" c3="0" c4="255" />
      <Entry c1="0" c2="0" c3="0" c4="255" />
      <Entry c1="0" c2="0" c3="0" c4="255" />
      <Entry c1="0" c2="0" c3="0" c4="255" />
      <Entry c1="0" c2="0" c3="0" c4="255" />
      <Entry c1="0" c2="0" c3="0" c4="255" />
      <Entry c1="0" c2="0" c3="0" c4="255" />
      <Entry c1="0" c2="0" c3="0" c4="255" />
      <Entry c1="0" c2="0" c3="0" c4="255" />
      <Entry c1="0" c2="0" c3="0" c4="255" />
      <Entry c1="0" c2="0" c3="0" c4="255" />
      <Entry c1="0" c2="0" c3="0" c4="255" />
      <Entry c1="0" c2="0" c3="0" c4="255" />
      <Entry c1="0" c2="0" c3="0" c4="255" />
      <Entry c1="0" c2="0" c3="0" c4="255" />
      <Entry c1="0" c2="0" c3="0" c4="255" />
      <Entry c1="0" c2="0" c3="0" c4="255" />
      <Entry c1="0" c2="0" c3="0" c4="255" />
      <Entry c1="0" c2="0" c3="0" c4="255" />
      <Entry c1="0" c2="0" c3="0" c4="255" />
      <Entry c1="0" c2="0" c3="0" c4="255" />
      <Entry c1="0" c2="0" c3="0" c4="255" />
      <Entry c1="0" c2="0" c3="0" c4="255" />
      <Entry c1="0" c2="0" c3="0" c4="255" />
      <Entry c1="0" c2="0" c3="0" c4="255" />
      <Entry c1="0" c2="0" c3="0" c4="255" />
      <Entry c1="0" c2="0" c3="0" c4="255" />
      <Entry c1="0" c2="0" c3="0" c4="255" />
      <Entry c1="0" c2="0" c3="0" c4="255" />
      <Entry c1="0" c2="0" c3="0" c4="255" />
      <Entry c1="0" c2="0" c3="0" c4="255" />
      <Entry c1="0" c2="0" c3="0" c4="255" />
      <Entry c1="0" c2="0" c3="0" c4="255" />
      <Entry c1="0" c2="0" c3="0" c4="255" />
      <Entry c1="0" c2="0" c3="0" c4="255" />
      <Entry c1="0" c2="0" c3="0" c4="255" />
      <Entry c1="0" c2="0" c3="0" c4="255" />
      <Entry c1="0" c2="0" c3="0" c4="255" />
      <Entry c1="0" c2="0" c3="0" c4="255" />
      <Entry c1="0" c2="0" c3="0" c4="255" />
      <Entry c1="0" c2="0" c3="0" c4="255" />
      <Entry c1="0" c2="0" c3="0" c4="255" />
      <Entry c1="0" c2="0" c3="0" c4="255" />
      <Entry c1="0" c2="0" c3="0" c4="255" />
      <Entry c1="0" c2="0" c3="0" c4="255" />
      <Entry c1="0" c2="0" c3="0" c4="255" />
      <Entry c1="0" c2="0" c3="0" c4="255" />
      <Entry c1="0" c2="0" c3="0" c4="255" />
      <Entry c1="0" c2="0" c3="0" c4="255" />
      <Entry c1="0" c2="0" c3="0" c4="255" />
      <Entry c1="0" c2="0" c3="0" c4="255" />
      <Entry c1="0" c2="0" c3="0" c4="255" />
      <Entry c1="0" c2="0" c3="0" c4="255" />
      <Entry c1="0" c2="0" c3="0" c4="255" />
      <Entry c1="0" c2="0" c3="0" c4="255" />
      <Entry c1="0" c2="0" c3="0" c4="255" />
      <Entry c1="0" c2="0" c3="0" c4="255" />
      <Entry c1="0" c2="0" c3="0" c4="255" />
      <Entry c1="0" c2="0" c3="0" c4="255" />
      <Entry c1="0" c2="0" c3="0" c4="255" />
      <Entry c1="0" c2="0" c3="0" c4="255" />
      <Entry c1="0" c2="0" c3="0" c4="255" />
      <Entry c1="0" c2="0" c3="0" c4="255" />
      <Entry c1="0" c2="0" c3="0" c4="255" />
      <Entry c1="0" c2="0" c3="0" c4="255" />
      <Entry c1="0" c2="0" c3="0" c4="255" />
      <Entry c1="0" c2="0" c3="0" c4="255" />
      <Entry c1="0" c2="0" c3="0" c4="255" />
      <Entry c1="0" c2="0" c3="0" c4="255" />
      <Entry c1="0" c2="0" c3="0" c4="255" />
      <Entry c1="0" c2="0" c3="0" c4="255" />
      <Entry c1="0" c2="0" c3="0" c4="255" />
      <Entry c1="0" c2="0" c3="0" c4="255" />
      <Entry c1="0" c2="0" c3="0" c4="255" />
      <Entry c1="0" c2="0" c3="0" c4="255" />
      <Entry c1="0" c2="0" c3="0" c4="255" />
      <Entry c1="0" c2="0" c3="0" c4="255" />
      <Entry c1="0" c2="0" c3="0" c4="255" />
      <Entry c1="0" c2="0" c3="0" c4="255" />
      <Entry c1="0" c2="0" c3="0" c4="255" />
      <Entry c1="0" c2="0" c3="0" c4="255" />
      <Entry c1="0" c2="0" c3="0" c4="255" />
      <Entry c1="0" c2="0" c3="0" c4="255" />
      <Entry c1="0" c2="0" c3="0" c4="255" />
      <Entry c1="0" c2="0" c3="0" c4="255" />
      <Entry c1="0" c2="0" c3="0" c4="255" />
      <Entry c1="0" c2="0" c3="0" c4="255" />
      <Entry c1="0" c2="0" c3="0" c4="255" />
      <Entry c1="0" c2="0" c3="0" c4="255" />
      <Entry c1="0" c2="0" c3="0" c4="255" />
      <Entry c1="0" c2="0" c3="0" c4="255" />
      <Entry c1="0" c2="0" c3="0" c4="255" />
      <Entry c1="0" c2="0" c3="0" c4="255" />
      <Entry c1="0" c2="0" c3="0" c4="255" />
      <Entry c1="0" c2="0" c3="0" c4="255" />
      <Entry c1="0" c2="0" c3="0" c4="255" />
      <Entry c1="0" c2="0" c3="0" c4="255" />
      <Entry c1="0" c2="0" c3="0" c4="255" />
      <Entry c1="0" c2="0" c3="0" c4="255" />
      <Entry c1="0" c2="0" c3="0" c4="255" />
      <Entry c1="0" c2="0" c3="0" c4="255" />
      <Entry c1="0" c2="0" c3="0" c4="255" />
      <Entry c1="0" c2="0" c3="0" c4="255" />
      <Entry c1="0" c2="0" c3="0" c4="255" />
      <Entry c1="0" c2="0" c3="0" c4="255" />
      <Entry c1="0" c2="0" c3="0" c4="255" />
      <Entry c1="0" c2="0" c3="0" c4="255" />
      <Entry c1="0" c2="0" c3="0" c4="255" />
      <Entry c1="0" c2="0" c3="0" c4="255" />
      <Entry c1="0" c2="0" c3="0" c4="255" />
      <Entry c1="0" c2="0" c3="0" c4="255" />
      <Entry c1="0" c2="0" c3="0" c4="255" />
      <Entry c1="0" c2="0" c3="0" c4="255" />
      <Entry c1="0" c2="0" c3="0" c4="255" />
      <Entry c1="0" c2="0" c3="0" c4="255" />
      <Entry c1="0" c2="0" c3="0" c4="255" />
      <Entry c1="0" c2="0" c3="0" c4="255" />
      <Entry c1="0" c2="0" c3="0" c4="255" />
      <Entry c1="0" c2="0" c3="0" c4="255" />
      <Entry c1="0" c2="0" c3="0" c4="255" />
      <Entry c1="0" c2="0" c3="0" c4="255" />
      <Entry c1="0" c2="0" c3="0" c4="255" />
      <Entry c1="0" c2="0" c3="0" c4="255" />
      <Entry c1="0" c2="0" c3="0" c4="255" />
      <Entry c1="0" c2="0" c3="0" c4="255" />
      <Entry c1="0" c2="0" c3="0" c4="255" />
      <Entry c1="0" c2="0" c3="0" c4="255" />
      <Entry c1="0" c2="0" c3="0" c4="255" />
      <Entry c1="0" c2="0" c3="0" c4="255" />
      <Entry c1="0" c2="0" c3="0" c4="255" />
      <Entry c1="0" c2="0" c3="0" c4="255" />
      <Entry c1="0" c2="0" c3="0" c4="255" />
      <Entry c1="0" c2="0" c3="0" c4="255" />
      <Entry c1="0" c2="0" c3="0" c4="255" />
      <Entry c1="0" c2="0" c3="0" c4="255" />
      <Entry c1="0" c2="0" c3="0" c4="255" />
      <Entry c1="0" c2="0" c3="0" c4="255" />
      <Entry c1="0" c2="0" c3="0" c4="255" />
      <Entry c1="0" c2="0" c3="0" c4="255" />
      <Entry c1="0" c2="0" c3="0" c4="255" />
      <Entry c1="0" c2="0" c3="0" c4="255" />
      <Entry c1="0" c2="0" c3="0" c4="255" />
    </ColorTable>
    <Metadata domain="IMAGE_STRUCTURE">
      <MDI key="PIXELTYPE">SIGNEDBYTE</MDI>
    </Metadata>
    <Metadata>
      <MDI key="BandName">Band_1</MDI>
      <MDI key="RepresentationType">THEMATIC</MDI>
    </Metadata>
  </PAMRasterBand>
</PAMDataset>
